# Deep-sky objects — format: id,name,ra_hours,dec_degrees,magnitude,type
# To expand: replace with OpenNGC CSV (github.com/mattiaverga/OpenNGC)
# Type codes: oc=open cluster  gc=globular cluster  neb=nebula  gal=galaxy  pn=planetary nebula
#
# DSOs from OpenNGC — id,name,ra_hours,dec_degrees,magnitude,type
IC0010,IC 10,0.338150,59.303778,10.35,gal
IC0127,IC 127,1.496558,-6.980056,9.2,gal
IC0143,IC 143,1.569703,30.776417,11.4,neb
IC0239,IC 239,2.607744,38.969917,11.2,gal
IC0284,IC 284,3.102753,42.371917,11.59,gal
IC0334,IC 334,3.754744,76.638306,11.5,gal
IC0342,IC 342,3.780139,68.096361,9.68,gal
IC0351,IC 351,3.792503,35.046917,11.9,pn
IC0356,IC 356,4.129697,69.812444,10.24,gal
IC0405,Flaming Star Nebula,5.274856,34.356167,10.0,neb
IC0418,IC 418,5.457831,-12.697278,9.44,pn
IC0434,Flame Nebula,5.683578,-2.453778,11.0,neb
IC0443,Gem A,6.277058,22.531667,12.0,neb
IC0444,IC 444,6.309444,23.313333,7.03,neb
IC0447,IC 447,6.516756,9.897444,7.7,neb
IC0520,IC 520,8.895072,73.490944,11.83,gal
IC0750,IC 750,11.981167,42.722472,11.82,gal
IC0983,IC 983,14.167881,17.733833,11.96,gal
IC1029,IC 1029,14.540906,49.904611,11.29,gal
IC1266,IC 1266,17.759806,-46.089861,11.2,pn
IC1284,IC 1284,18.294342,-19.672028,7.7,neb
IC1287,IC 1287,18.523803,-10.795806,6.1,neb
IC1297,IC 1297,19.289833,-39.613056,10.7,pn
IC1459,IC 1459,22.952947,-36.462222,10.54,gal
IC1470,IC 1470,23.086169,60.244083,11.5,neb
IC1613,IC 1613,1.079942,2.117778,9.54,gal
IC1633,IC 1633,1.165439,-45.931194,11.39,gal
IC1644,IC 1644,1.153614,-73.194111,11.7,neb
IC1727,IC 1727,1.791636,27.333361,11.57,gal
IC1747,IC 1747,1.959925,63.321778,12.0,pn
IC1805,IC 1805,2.544864,61.456889,6.5,oc
IC1848,IC 1848,2.852942,60.402472,6.5,oc
IC1953,IC 1953,3.561631,-21.478639,11.96,gal
IC1954,IC 1954,3.525386,-51.904833,11.58,gal
IC1993,IC 1993,3.784669,-33.709861,11.9,gal
IC2003,IC 2003,3.939453,33.874861,11.4,pn
IC2006,IC 2006,3.907903,-35.967139,11.34,gal
IC2035,IC 2035,4.150519,-45.517528,11.75,gal
IC2051,IC 2051,3.866897,-83.830694,11.23,gal
IC2056,IC 2056,4.273483,-60.206806,11.87,gal
IC2067,IC 2067,4.514175,35.446167,11.49,neb
IC2105,IC 2105,4.824072,-69.200917,11.3,oc
IC2128,IC 2128,5.378936,-68.061083,11.1,oc
IC2145,IC 2145,5.673542,-69.670306,12.0,neb
IC2149,IC 2149,5.939969,46.104778,10.78,pn
IC2163,IC 2163,6.274439,-21.375861,11.11,gal
IC2165,IC 2165,6.361861,-12.987222,10.5,pn
IC2311,IC 2311,8.312772,-25.369750,11.52,gal
IC2448,IC 2448,9.118406,-69.941833,10.4,pn
IC2469,IC 2469,9.383628,-32.449750,11.09,gal
IC2501,IC 2501,9.646439,-60.091861,10.4,pn
IC2522,IC 2522,9.919156,-33.137139,12.0,gal
IC2533,IC 2533,10.008797,-31.245000,11.97,gal
IC2553,IC 2553,10.155797,-62.613694,10.3,pn
IC2554,IC 2554,10.147378,-67.030861,11.7,gal
IC2574,Coddington's Nebula,10.473189,68.412139,10.46,gal
IC2597,IC 2597,10.629847,-27.081694,11.68,gal
IC2621,IC 2621,11.005553,-65.249361,11.2,pn
IC2627,IC 2627,11.164831,-23.725944,12.0,gal
IC2944,lam Cen Nebula,11.596369,-63.019833,4.5,oc
IC3370,IC 3370,12.460369,-39.337778,11.18,gal
IC3568,IC 3568,12.551883,82.563917,10.6,pn
IC3829,IC 3829,12.870361,-29.840667,11.7,gal
IC3896,IC 3896,12.945342,-50.346861,11.31,gal
IC4182,IC 4182,13.097094,37.604889,11.61,gal
IC4191,IC 4191,13.146453,-67.643750,10.6,pn
IC4214,IC 4214,13.295192,-32.101694,11.4,gal
IC4296,IC 4296,13.610842,-33.965833,10.51,gal
IC4329,IC 4329,13.818142,-30.295861,10.97,gal
IC4351,IC 4351,13.965072,-29.315722,11.62,gal
IC4402,IC 4402,14.353636,-46.297889,11.82,gal
IC4406,IC 4406,14.374022,-44.150194,10.2,pn
IC4441,IC 4441,14.527394,-43.418444,11.84,gal
IC4592,IC 4592,16.199631,-19.454667,3.9,neb
IC4593,IC 4593,16.195694,12.071389,10.7,pn
IC4604,rho Oph Nebula,16.425325,-23.436583,5.1,neb
IC4605,IC 4605,16.503467,-25.115167,4.7,neb
IC4634,IC 4634,17.025997,-21.825972,10.9,pn
IC4662,IC 4662,17.785797,-64.641750,11.1,gal
IC4678,IC 4678,18.109297,-23.954444,10.4,neb
IC4703,Eagle Nebula,18.315617,-13.845389,6.0,neb
IC4710,IC 4710,18.477214,-66.982278,12.0,gal
IC4721,IC 4721,18.573544,-58.496611,11.82,gal
IC4765,IC 4765,18.788314,-63.331333,11.19,gal
IC4776,IC 4776,18.764083,-33.343056,10.8,pn
IC4797,IC 4797,18.941578,-54.305778,11.32,gal
IC4837A,IC 4837,19.254492,-54.132500,11.71,gal
IC4845,IC 4845,19.339581,-60.389167,11.97,gal
IC4846,IC 4846,19.274528,-9.043611,11.9,pn
IC4889,IC 4889,19.754208,-54.344139,11.22,gal
IC4901,IC 4901,19.906536,-58.713556,11.65,gal
IC4931,IC 4931,20.013989,-38.575056,11.88,gal
IC4946,IC 4946,20.399464,-43.995278,11.92,gal
IC4991,IC 4991,20.306467,-41.050167,11.54,gal
IC4997,IC 4997,20.335778,16.731667,10.5,pn
IC5011,IC 5011,20.476061,-36.027111,11.84,gal
IC5052,IC 5052,20.868214,-69.201639,11.34,gal
IC5070,Pelican Nebula,20.850200,44.401500,8.0,neb
IC5105,IC 5105,21.406114,-40.537722,11.6,gal
IC5117,IC 5117,21.541936,44.596556,11.5,pn
IC5146,Cocoon Nebula,21.891322,47.266917,7.2,oc
IC5148,IC 5148,21.993111,-39.385833,11.0,pn
IC5152,IC 5152,22.044864,-51.296444,10.68,gal
IC5181,IC 5181,22.222694,-46.017611,11.48,gal
IC5186,IC 5186,22.312922,-36.801583,11.93,gal
IC5201,IC 5201,22.349289,-46.035861,11.37,gal
IC5217,IC 5217,22.398806,50.966667,11.3,pn
IC5240,IC 5240,22.697883,-44.767167,11.66,gal
IC5250A,IC 5250,22.788194,-65.059722,11.11,gal
IC5267,IC 5267,22.953769,-43.396139,10.43,gal
IC5271,IC 5271,22.967172,-33.742222,11.54,gal
IC5273,IC 5273,22.990750,-37.702889,11.45,gal
IC5325,IC 5325,23.478731,-41.333472,11.28,gal
IC5328,IC 5328,23.554572,-45.015972,11.37,gal
IC5332,IC 5332,23.574303,-36.101083,10.03,gal
NGC0016,NGC 16,0.151192,27.729417,12.0,gal
NGC0023,NGC 23,0.164836,25.923778,11.98,gal
NGC0024,NGC 24,0.165706,-24.963139,11.52,gal
NGC0040,Bow-Tie nebula,0.216953,72.521944,11.89,pn
NGC0045,NGC 45,0.234442,-23.182083,10.44,gal
NGC0055,NGC 55,0.248222,-39.196639,8.54,gal
NGC0057,NGC 57,0.258575,17.328528,11.65,gal
NGC0128,NGC 128,0.487517,2.864056,11.63,gal
NGC0134,NGC 134,0.506103,-33.244028,10.31,gal
NGC0147,NGC 147,0.553367,48.508750,9.72,gal
NGC0150,NGC 150,0.570967,-27.803583,11.41,gal
NGC0151,NGC 151,0.567442,-9.705333,11.66,gal
NGC0185,NGC 185,0.649436,48.337389,9.2,gal
NGC0205,M110 / NGC 205,0.672800,41.685306,8.15,gal
NGC0210,NGC 210,0.676394,-13.872806,11.12,gal
NGC0221,M032 / NGC 221,0.711619,40.865278,8.13,gal
NGC0224,Andromeda Galaxy,0.712319,41.269056,3.44,gal
NGC0246,NGC 246,0.784267,-11.871944,10.9,pn
NGC0247,NGC 247,0.785708,-20.760389,9.21,gal
NGC0253,Sculptor Filament,0.792533,-25.288222,11.11,gal
NGC0254,NGC 254,0.791003,-31.421750,11.67,gal
NGC0255,NGC 255,0.796475,-11.468694,11.93,gal
NGC0266,NGC 266,0.829944,32.277722,11.82,gal
NGC0278,NGC 278,0.867864,47.550500,10.85,gal
NGC0289,NGC 289,0.878433,-31.205833,11.18,gal
NGC0292,Small Magellanic Cloud,0.879106,-72.828611,2.3,gal
NGC0300,NGC 300,0.914856,-37.684389,8.66,gal
NGC0315,NGC 315,0.963578,30.352444,11.6,gal
NGC0337,NGC 337,0.997247,-7.577972,11.48,gal
NGC0404,NGC 404,1.157506,35.718139,10.55,gal
NGC0410,NGC 410,1.183028,33.151889,11.48,gal
NGC0428,NGC 428,1.215475,0.981556,11.47,gal
NGC0470,NGC 470,1.329125,3.409944,11.79,gal
NGC0474,NGC 474,1.335192,3.415389,11.52,gal
NGC0488,NGC 488,1.363014,5.256722,10.26,gal
NGC0507,NGC 507,1.394419,33.256056,11.57,gal
NGC0514,NGC 514,1.401083,12.917389,11.71,gal
NGC0520 NED01,NGC 520,1.409578,3.794944,11.47,gal
NGC0521,NGC 521,1.409383,1.731389,11.8,gal
NGC0524,NGC 524,1.413256,9.538833,10.35,gal
NGC0533,NGC 533,1.425378,1.759111,11.47,gal
NGC0578,NGC 578,1.508081,-22.667361,11.09,gal
NGC0584,NGC 584,1.522431,-6.868056,10.35,gal
NGC0596,NGC 596,1.547800,-7.031833,10.95,gal
NGC0598,Triangulum Galaxy,1.564136,30.660222,5.79,gal
NGC0613,NGC 613,1.571714,-29.418361,10.35,gal
NGC0615,NGC 615,1.584911,-7.340306,11.66,gal
NGC0628,M074 / NGC 628,1.611597,15.783667,9.31,gal
NGC0636,NGC 636,1.651814,-7.512611,11.41,gal
NGC0650,Barbell Nebula,1.705469,51.575472,10.1,pn
NGC0660,NGC 660,1.717333,13.645056,11.29,gal
NGC0672,NGC 672,1.798478,27.432778,10.92,gal
NGC0674,NGC 674,1.854881,22.357972,11.97,gal
NGC0676,NGC 676,1.815919,5.907528,12.0,gal
NGC0680,NGC 680,1.829803,21.970861,11.9,gal
NGC0681,NGC 681,1.819675,-10.426417,11.87,gal
NGC0685,NGC 685,1.795225,-52.761806,11.5,gal
NGC0691,NGC 691,1.844922,21.759917,11.73,gal
NGC0718,NGC 718,1.887028,4.195833,11.66,gal
NGC0720,NGC 720,1.883472,-13.738667,10.14,gal
NGC0741,NGC 741,1.939175,5.628944,11.26,gal
NGC0772,NGC 772,1.988772,19.007528,10.3,gal
NGC0777,NGC 777,2.004139,31.429583,11.46,gal
NGC0779,NGC 779,1.995078,-5.963194,11.21,gal
NGC0784,NGC 784,2.021369,28.837250,11.73,gal
NGC0821,NGC 821,2.139206,10.994917,10.77,gal
NGC0864,NGC 864,2.257678,6.002611,11.07,gal
NGC0877,NGC 877,2.299900,14.544056,11.86,gal
NGC0890,NGC 890,2.366947,33.266056,11.87,gal
NGC0891,NGC 891,2.375947,42.349139,10.01,gal
NGC0895,NGC 895,2.360131,-5.521389,11.77,gal
NGC0897,NGC 897,2.351769,-33.720667,11.85,gal
NGC0908,NGC 908,2.384603,-21.233861,10.31,gal
NGC0922,NGC 922,2.417894,-24.788167,12.0,gal
NGC0925,NGC 925,2.454689,33.579167,10.12,gal
NGC0936,NGC 936,2.460406,-1.156278,10.23,gal
NGC0949,NGC 949,2.513514,37.136778,11.89,gal
NGC0955,NGC 955,2.509208,-1.108417,11.96,gal
NGC0972,NGC 972,2.570383,29.311278,11.33,gal
NGC0986,NGC 986,2.559542,-39.045056,10.91,gal
NGC0988,NGC 988,2.591042,-9.356194,11.21,gal
NGC1003,NGC 1003,2.654692,40.872306,11.51,gal
NGC1016,NGC 1016,2.638767,2.119250,11.64,gal
NGC1022,NGC 1022,2.642419,-6.677417,11.35,gal
NGC1023,NGC 1023,2.673336,39.063278,9.47,gal
NGC1032,NGC 1032,2.656567,1.093778,11.67,gal
NGC1042,NGC 1042,2.673325,-8.433556,11.22,gal
NGC1052,NGC 1052,2.684667,-8.255778,11.04,gal
NGC1055,NGC 1055,2.695897,0.443167,10.6,gal
NGC1058,NGC 1058,2.725000,37.341333,11.25,gal
NGC1060,NGC 1060,2.720847,32.424972,11.82,gal
NGC1068,M077 / NGC 1068,2.711308,-0.013278,9.29,gal
NGC1073,NGC 1073,2.727922,1.376111,11.05,gal
NGC1079,NGC 1079,2.728983,-29.003361,11.44,gal
NGC1084,NGC 1084,2.766642,-7.578472,10.6,gal
NGC1087,NGC 1087,2.773656,-0.498639,11.02,gal
NGC1090,NGC 1090,2.776094,-0.247167,11.97,gal
NGC1097,NGC 1097,2.771958,-30.274889,9.76,gal
NGC1156,NGC 1156,2.995083,25.237833,11.63,gal
NGC1161,NGC 1161,3.020592,44.897333,11.89,gal
NGC1169,NGC 1169,3.059653,46.386361,11.41,gal
NGC1172,NGC 1172,3.026681,-14.836583,11.75,gal
NGC1179,NGC 1179,3.044022,-18.897778,12.0,gal
NGC1187,NGC 1187,3.043775,-22.867167,10.92,gal
NGC1199,NGC 1199,3.060669,-15.613194,11.43,gal
NGC1201,NGC 1201,3.068883,-26.069639,10.81,gal
NGC1209,NGC 1209,3.100839,-15.611250,11.38,gal
NGC1232,NGC 1232,3.162642,-20.579306,10.11,gal
NGC1249,NGC 1249,3.167008,-53.335750,11.77,gal
NGC1253,NGC 1253,3.235847,-2.822944,11.78,gal
NGC1255,NGC 1255,3.225567,-25.725167,11.17,gal
NGC1265,NGC 1265,3.304350,41.857750,11.92,gal
NGC1269,NGC 1269,3.288497,-41.108056,8.7,gal
NGC1272,NGC 1272,3.322581,41.490639,11.88,gal
NGC1300,NGC 1300,3.328078,-19.411361,10.52,gal
NGC1302,NGC 1302,3.330883,-26.060444,10.63,gal
NGC1305,NGC 1305,3.356381,-2.316833,11.97,gal
NGC1309,NGC 1309,3.368489,-15.400056,11.58,gal
NGC1313,NGC 1313,3.304458,-66.498250,9.49,gal
NGC1316,Fornax A,3.378256,-37.208222,8.48,gal
NGC1317,Fornax B,3.378969,-37.103694,10.88,gal
NGC1325,NGC 1325,3.407103,-21.544028,11.54,gal
NGC1326,NGC 1326,3.399000,-36.464667,10.45,gal
NGC1332,NGC 1332,3.438125,-21.335222,10.36,gal
NGC1333,NGC 1333,3.482000,31.370000,10.9,oc
NGC1339,NGC 1339,3.468494,-32.286111,11.75,gal
NGC1340,NGC 1340,3.472131,-31.068167,10.37,gal
NGC1350,NGC 1350,3.518922,-33.628639,10.31,gal
NGC1351,NGC 1351,3.509717,-34.853944,11.46,gal
NGC1353,NGC 1353,3.534172,-20.819167,11.46,gal
NGC1357,NGC 1357,3.554744,-13.664139,11.44,gal
NGC1360,NGC 1360,3.554069,-25.871722,9.4,pn
NGC1365,NGC 1365,3.560103,-36.140389,10.1,gal
NGC1366,NGC 1366,3.564911,-31.194111,11.91,gal
NGC1367,NGC 1367,3.583706,-24.933222,10.66,gal
NGC1374,NGC 1374,3.587942,-35.226250,11.14,gal
NGC1379,NGC 1379,3.601097,-35.441194,11.02,gal
NGC1380,NGC 1380,3.607664,-34.976222,9.94,gal
NGC1381,NGC 1381,3.608800,-35.295194,11.47,gal
NGC1385,NGC 1385,3.624681,-24.500306,11.03,gal
NGC1386,NGC 1386,3.612828,-35.999417,11.86,gal
NGC1387,NGC 1387,3.615850,-35.506639,10.75,gal
NGC1389,NGC 1389,3.619939,-35.745583,11.51,gal
NGC1395,NGC 1395,3.641597,-23.027528,9.65,gal
NGC1398,NGC 1398,3.647814,-26.337833,9.55,gal
NGC1399,NGC 1399,3.641397,-35.450667,9.4,gal
NGC1400,NGC 1400,3.658567,-18.688083,11.06,gal
NGC1404,NGC 1404,3.647756,-35.594389,9.93,gal
NGC1406,NGC 1406,3.656472,-31.321417,11.82,gal
NGC1407,NGC 1407,3.669961,-18.580111,9.65,gal
NGC1411,NGC 1411,3.645797,-44.100611,11.19,gal
NGC1415,NGC 1415,3.682461,-22.564472,11.53,gal
NGC1421,NGC 1421,3.708133,-13.488028,11.52,gal
NGC1425,NGC 1425,3.703186,-29.893333,10.7,gal
NGC1426,NGC 1426,3.713642,-22.108361,11.47,gal
NGC1427,NGC 1427,3.705394,-35.392556,10.88,gal
NGC1433,NGC 1433,3.700431,-47.222083,9.95,gal
NGC1436,NGC 1436,3.726967,-35.853028,11.69,gal
NGC1439,NGC 1439,3.747208,-21.920556,11.39,gal
NGC1440,NGC 1440,3.750808,-18.266028,11.63,gal
NGC1448,NGC 1448,3.742200,-44.644833,10.94,gal
NGC1452,NGC 1452,3.756197,-18.633639,11.84,gal
NGC1453,NGC 1453,3.774236,-3.968778,11.41,gal
NGC1461,NGC 1461,3.807539,-16.392889,11.81,gal
NGC1487 NED01,NGC 1487,3.929269,-42.367694,11.9,gal
NGC1487 NED02,NGC 1487,3.929769,-42.368583,11.68,gal
NGC1493,NGC 1493,3.957619,-46.210694,11.44,gal
NGC1494,NGC 1494,3.961917,-48.908083,11.95,gal
NGC1499,California Nebula,4.054006,36.367472,5.0,neb
NGC1501,NGC 1501,4.116492,60.920694,11.5,pn
NGC1511,NGC 1511,3.993606,-67.634250,11.3,gal
NGC1512,NGC 1512,4.065078,-43.348861,10.37,gal
NGC1514,NGC 1514,4.154708,30.775917,10.19,pn
NGC1515,NGC 1515,4.067422,-54.100056,10.99,gal
NGC1518,NGC 1518,4.113811,-21.172639,11.79,gal
NGC1521,NGC 1521,4.138592,-21.051972,11.57,gal
NGC1527,NGC 1527,4.140039,-47.897028,10.8,gal
NGC1530,NGC 1530,4.390861,75.295583,11.7,gal
NGC1532,NGC 1532,4.201203,-32.874222,10.13,gal
NGC1533,NGC 1533,4.164400,-56.118444,10.65,gal
NGC1535,NGC 1535,4.237714,-12.739389,9.6,pn
NGC1537,NGC 1537,4.227975,-31.645417,10.72,gal
NGC1543,NGC 1543,4.212014,-57.737972,10.17,gal
NGC1546,NGC 1546,4.243483,-56.060806,11.35,gal
NGC1549,NGC 1549,4.262536,-55.592250,9.75,gal
NGC1553,NGC 1553,4.269575,-55.780139,9.31,gal
NGC1555,Hind's Nebula,4.366508,19.535167,9.98,neb
NGC1559,NGC 1559,4.293269,-62.783667,10.6,gal
NGC1560,NGC 1560,4.546969,71.883111,11.5,gal
NGC1566,NGC 1566,4.333450,-54.937806,9.73,gal
NGC1569,NGC 1569,4.513628,64.847944,11.11,gal
NGC1573,NGC 1573,4.584442,73.262417,11.79,gal
NGC1574,NGC 1574,4.366339,-56.974750,10.24,gal
NGC1587,NGC 1587,4.511094,0.661583,11.7,gal
NGC1589,NGC 1589,4.512622,0.863667,11.81,gal
NGC1596,NGC 1596,4.460586,-55.027806,11.14,gal
NGC1600,NGC 1600,4.527761,-5.086250,10.97,gal
NGC1617,NGC 1617,4.527647,-54.602278,10.37,gal
NGC1624,NGC 1624,4.676806,50.461667,11.8,oc
NGC1637,NGC 1637,4.691161,-2.857972,10.85,gal
NGC1640,NGC 1640,4.704033,-20.434778,11.69,gal
NGC1653,NGC 1653,4.763153,-2.392833,11.97,gal
NGC1672,NGC 1672,4.761806,-59.247194,10.16,gal
NGC1679,NGC 1679,4.831844,-31.964667,11.62,gal
NGC1688,NGC 1688,4.806608,-59.800333,11.85,gal
NGC1700,NGC 1700,4.948975,-4.865778,11.16,gal
NGC1703,NGC 1703,4.881153,-59.742250,11.69,gal
NGC1714,NGC 1714,4.869125,-66.923389,11.61,oc
NGC1726,NGC 1726,4.994972,-7.755250,11.65,gal
NGC1743,NGC 1743,4.900742,-69.198611,11.26,neb
NGC1744,NGC 1744,4.999389,-26.022222,11.5,gal
NGC1763,NGC 1763,4.946997,-66.409083,9.4,oc
NGC1784,NGC 1784,5.090861,-11.871528,11.6,gal
NGC1788,NGC 1788,5.114783,-3.340972,5.8,neb
NGC1792,NGC 1792,5.087347,-37.980750,10.16,gal
NGC1808,NGC 1808,5.128428,-37.513056,10.21,gal
NGC1832,NGC 1832,5.200925,-15.687806,11.54,gal
NGC1858,NGC 1858,5.164428,-68.891250,9.88,oc
NGC1871,NGC 1871,5.231044,-67.452639,10.09,oc
NGC1873,NGC 1873,5.232131,-67.334361,10.44,oc
NGC1876,NGC 1876,5.221842,-69.362139,11.71,oc
NGC1877,NGC 1877,5.227456,-69.383778,12.0,neb
NGC1888,NGC 1888,5.376236,-11.499528,11.92,gal
NGC1910,NGC 1910,5.311964,-69.231917,9.65,oc
NGC1923,NGC 1923,5.359461,-65.486722,11.24,oc
NGC1931,NGC 1931,5.523708,34.246556,10.1,oc
NGC1934,NGC 1934,5.363303,-67.937167,10.5,oc
NGC1936,NGC 1936,5.370544,-67.978306,11.6,neb
NGC1941,NGC 1941,5.385472,-66.378639,12.0,oc
NGC1947,NGC 1947,5.446558,-63.760028,10.47,gal
NGC1948,NGC 1948,5.429511,-66.266806,10.61,oc
NGC1952,Crab Nebula,5.575547,22.014472,8.4,neb
NGC1955,NGC 1955,5.436100,-67.497389,8.87,neb
NGC1961,NGC 1961,5.701292,69.378444,11.54,gal
NGC1964,NGC 1964,5.556044,-21.945778,10.91,gal
NGC1973,NGC 1973,5.584661,-4.731778,7.0,neb
NGC1975,NGC 1975,5.588300,-4.685222,7.0,neb
NGC1976,Great Orion Nebula,5.587911,-5.389667,4.0,oc
NGC1980,Lower Sword,5.590553,-5.909889,2.5,oc
NGC1981,Upper Sword,5.585997,-4.425056,4.2,oc
NGC1982,Mairan's Nebula,5.592050,-5.267472,9.0,neb
NGC1999,NGC 1999,5.607042,-6.715861,9.5,neb
NGC2014,NGC 2014,5.538853,-67.689833,8.97,neb
NGC2018,NGC 2018,5.523581,-71.069056,10.89,neb
NGC2022,NGC 2022,5.701725,9.086528,11.6,pn
NGC2035,NGC 2035,5.592000,-67.584167,10.99,neb
NGC2040,NGC 2040,5.601647,-67.568556,11.47,neb
NGC2060,NGC 2060,5.629694,-69.171667,9.59,neb
NGC2068,M078 / NGC 2068,5.779394,0.079306,8.0,neb
NGC2069,NGC 2069,5.646233,-68.974389,10.1,neb
NGC2070,30 Dor Cluster,5.645100,-69.100889,7.25,neb
NGC2071,NGC 2071,5.785350,0.294250,8.0,oc
NGC2074,NGC 2074,5.650994,-69.498111,8.5,oc
NGC2075,NGC 2075,5.639264,-70.685028,11.47,oc
NGC2077,NGC 2077,5.660006,-69.657111,11.71,neb
NGC2078,NGC 2078,5.660958,-69.743167,10.89,neb
NGC2079,NGC 2079,5.660444,-69.757194,11.81,neb
NGC2080,NGC 2080,5.662728,-69.644111,10.42,neb
NGC2083,NGC 2083,5.666450,-69.737583,10.83,neb
NGC2086,NGC 2086,5.670244,-69.667861,12.0,neb
NGC2090,NGC 2090,5.783858,-34.250611,10.92,gal
NGC2103,NGC 2103,5.694542,-71.333139,10.82,neb
NGC2122,NGC 2122,5.814586,-70.070083,10.43,oc
NGC2139,NGC 2139,6.018836,-23.672639,11.66,gal
NGC2146,NGC 2146,6.310475,78.357028,10.69,gal
NGC2175,NGC 2175,6.160986,20.487583,6.8,oc
NGC2182,NGC 2182,6.158597,-6.326444,9.0,neb
NGC2188,NGC 2188,6.169314,-34.106194,11.67,gal
NGC2196,NGC 2196,6.202681,-21.805944,11.19,gal
NGC2207,NGC 2207,6.272786,-21.372667,11.06,gal
NGC2217,NGC 2217,6.361050,-27.233750,10.57,gal
NGC2223,NGC 2223,6.409975,-22.838250,11.87,gal
NGC2238,Rosette Nebula,6.511214,5.013056,6.0,neb
NGC2239,NGC 2239,6.532100,4.942944,4.8,oc
NGC2245,NGC 2245,6.544792,10.156639,11.0,neb
NGC2247,NGC 2247,6.551444,10.322250,8.5,neb
NGC2258,NGC 2258,6.796056,74.481667,11.87,gal
NGC2261,Hubble's Nebula,6.652642,8.744333,11.85,neb
NGC2264,Christmas Tree Cluster,6.682847,9.895472,3.9,oc
NGC2268,NGC 2268,7.238178,84.382278,11.56,gal
NGC2272,NGC 2272,6.711472,-27.459500,11.94,gal
NGC2276,NGC 2276,7.453989,85.754556,11.5,gal
NGC2280,NGC 2280,6.746975,-27.638611,11.12,gal
NGC2282,NGC 2282,6.780992,1.316000,10.0,neb
NGC2292,NGC 2292,6.794347,-26.746250,11.83,gal
NGC2293,NGC 2293,6.795253,-26.754361,11.04,gal
NGC2300,NGC 2300,7.538881,85.709500,11.16,gal
NGC2305,NGC 2305,6.810381,-64.273194,11.7,gal
NGC2310,NGC 2310,6.898322,-40.862611,11.81,gal
NGC2320,NGC 2320,7.095008,50.581056,11.94,gal
NGC2325,NGC 2325,7.044556,-28.697222,11.18,gal
NGC2336,NGC 2336,7.451125,80.178083,10.68,gal
NGC2339,NGC 2339,7.139039,18.780250,11.76,gal
NGC2340,NGC 2340,7.186342,50.174750,11.73,gal
NGC2346,NGC 2346,7.156392,-0.809139,11.6,pn
NGC2366,NGC 2366,7.481850,69.215778,11.17,gal
NGC2371,NGC 2371,7.426294,29.490639,11.2,pn
NGC2380,NGC 2380,7.398542,-27.529056,11.12,gal
NGC2392,Eskimo Nebula,7.486322,20.911833,9.61,pn
NGC2397,NGC 2397,7.355550,-69.001472,11.97,gal
NGC2403,NGC 2403,7.614278,65.602556,8.43,gal
NGC2427,NGC 2427,7.607828,-47.635556,11.48,gal
NGC2434,NGC 2434,7.580878,-69.284139,11.34,gal
NGC2438,NGC 2438,7.697331,-14.735778,10.8,pn
NGC2440,NGC 2440,7.698711,-18.208472,9.4,pn
NGC2442,NGC 2442,7.606622,-69.530833,10.63,gal
NGC2452,NGC 2452,7.790658,-27.334000,12.0,pn
NGC2460,NGC 2460,7.947858,60.349389,11.71,gal
NGC2500,NGC 2500,8.031447,50.737111,11.65,gal
NGC2502,NGC 2502,7.930978,-52.306778,11.96,gal
NGC2513,NGC 2513,8.040186,9.413556,11.63,gal
NGC2517,NGC 2517,8.046408,-12.317833,11.92,gal
NGC2523,NGC 2523,8.250025,73.578972,11.9,gal
NGC2525,NGC 2525,8.093900,-11.427028,11.47,gal
NGC2537,Bear Claw Nebula,8.220733,45.989806,11.71,gal
NGC2541,NGC 2541,8.244478,49.061722,11.7,gal
NGC2549,NGC 2549,8.316208,57.803056,11.14,gal
NGC2559,NGC 2559,8.285019,-27.455833,11.33,gal
NGC2566,NGC 2566,8.312683,-25.499528,10.81,gal
NGC2613,NGC 2613,8.556344,-22.973667,10.38,gal
NGC2634,NGC 2634,8.807053,73.967167,11.97,gal
NGC2639,NGC 2639,8.727244,50.205556,11.76,gal
NGC2640,NGC 2640,8.623506,-55.123750,11.02,gal
NGC2648,NGC 2648,8.711056,14.285611,11.88,gal
NGC2654,NGC 2654,8.819964,60.221111,11.69,gal
NGC2655,NGC 2655,8.927147,78.223083,10.39,gal
NGC2663,NGC 2663,8.752292,-33.794750,10.59,gal
NGC2665,NGC 2665,8.766942,-19.302889,11.63,gal
NGC2672,NGC 2672,8.822747,19.074972,11.64,gal
NGC2681,NGC 2681,8.892428,51.313667,10.86,gal
NGC2683,NGC 2683,8.878147,33.421750,9.69,gal
NGC2685,Helix Galaxy,8.926308,58.734389,11.35,gal
NGC2693,NGC 2693,8.949797,51.347444,11.86,gal
NGC2698,NGC 2698,8.926808,-3.183944,11.86,gal
NGC2708,NGC 2708,8.935569,-3.360111,11.96,gal
NGC2713,NGC 2713,8.955697,2.921306,11.82,gal
NGC2715,NGC 2715,9.135056,78.085167,11.49,gal
NGC2732,NGC 2732,9.223536,79.187333,11.89,gal
NGC2742,NGC 2742,9.125981,60.479333,11.49,gal
NGC2748,NGC 2748,9.228617,76.475333,11.68,gal
NGC2749,NGC 2749,9.089256,18.313111,11.84,gal
NGC2768,NGC 2768,9.193750,60.037222,9.87,gal
NGC2775,NGC 2775,9.172256,7.037944,10.24,gal
NGC2776,NGC 2776,9.204031,44.954833,11.68,gal
NGC2781,NGC 2781,9.190978,-14.816833,11.57,gal
NGC2784,NGC 2784,9.205417,-24.172611,10.1,gal
NGC2787,NGC 2787,9.321833,69.203250,11.25,gal
NGC2792,NGC 2792,9.207381,-42.427500,11.6,pn
NGC2805,NGC 2805,9.339003,64.102778,11.56,gal
NGC2811,NGC 2811,9.269753,-16.312722,11.45,gal
NGC2815,NGC 2815,9.272153,-23.633250,11.86,gal
NGC2818,NGC 2818,9.267083,-36.626944,11.6,pn
NGC2822,NGC 2822,9.230478,-69.644833,11.4,gal
NGC2832,NGC 2832,9.329683,33.749750,11.79,gal
NGC2835,NGC 2835,9.298031,-22.354667,10.64,gal
NGC2841,NGC 2841,9.367397,50.976528,10.18,gal
NGC2845,NGC 2845,9.310197,-38.010083,11.97,gal
NGC2855,NGC 2855,9.357636,-11.909500,11.05,gal
NGC2859,NGC 2859,9.405147,34.513500,10.94,gal
NGC2865,NGC 2865,9.391725,-23.161444,11.48,gal
NGC2867,NGC 2867,9.356936,-58.311667,9.7,pn
NGC2872,NGC 2872,9.428483,11.432139,11.86,gal
NGC2880,NGC 2880,9.492933,62.490556,11.61,gal
NGC2887,NGC 2887,9.390014,-63.812556,11.66,gal
NGC2889,NGC 2889,9.453497,-11.643417,11.78,gal
NGC2899,NGC 2899,9.450822,-56.106028,11.8,pn
NGC2903,NGC 2903,9.536142,21.500833,8.91,gal
NGC2907,NGC 2907,9.526867,-16.734667,11.63,gal
NGC2935,NGC 2935,9.612458,-21.128139,11.19,gal
NGC2950,NGC 2950,9.709764,58.851278,11.03,gal
NGC2962,NGC 2962,9.681647,5.165806,11.88,gal
NGC2964,NGC 2964,9.715064,31.847389,11.37,gal
NGC2967,NGC 2967,9.700914,0.336444,11.61,gal
NGC2968,NGC 2968,9.720003,31.928694,11.73,gal
NGC2974,NGC 2974,9.709244,-3.699139,10.89,gal
NGC2976,NGC 2976,9.787628,67.916389,10.16,gal
NGC2983,NGC 2983,9.728083,-20.477194,11.87,gal
NGC2985,NGC 2985,9.839508,72.278639,10.51,gal
NGC2986,NGC 2986,9.737789,-21.278000,10.64,gal
NGC2997,NGC 2997,9.760775,-31.191083,9.41,gal
NGC3001,NGC 3001,9.771850,-30.437472,11.57,gal
NGC3003,NGC 3003,9.810014,33.421500,11.78,gal
NGC3027,NGC 3027,9.927944,72.203556,11.76,gal
NGC3031,Bode's Galaxy,9.925881,69.065306,6.92,gal
NGC3034,Cigar Galaxy,9.931314,69.679389,8.3,gal
NGC3038,NGC 3038,9.854292,-32.752556,11.69,gal
NGC3041,NGC 3041,9.885317,16.677667,11.55,gal
NGC3044,NGC 3044,9.894689,1.579639,11.94,gal
NGC3054,NGC 3054,9.907944,-25.703444,11.48,gal
NGC3056,NGC 3056,9.909133,-28.298194,11.7,gal
NGC3059,NGC 3059,9.835600,-73.922194,11.3,gal
NGC3077,NGC 3077,10.055297,68.733917,9.88,gal
NGC3078,NGC 3078,9.973503,-26.926667,11.16,gal
NGC3079,NGC 3079,10.032722,55.679778,10.71,gal
NGC3087,NGC 3087,9.985739,-34.225222,11.43,gal
NGC3091,NGC 3091,10.003969,-19.636972,11.0,gal
NGC3095,NGC 3095,10.001619,-31.552861,11.63,gal
NGC3098,NGC 3098,10.037969,24.711083,11.96,gal
NGC3100,NGC 3100,10.011344,-31.664528,11.37,gal
NGC3108,NGC 3108,10.041397,-31.677417,11.47,gal
NGC3109,NGC 3109,10.051911,-26.159583,10.54,gal
NGC3115,Spindle Galaxy,10.087217,-7.718583,9.09,gal
NGC3132,Eight-Burst Nebula,10.117147,-40.436583,9.2,pn
NGC3136,NGC 3136,10.096711,-67.377972,10.67,gal
NGC3136B,NGC 3136,10.170258,-67.005083,11.79,gal
NGC3137,NGC 3137,10.152078,-29.064306,11.57,gal
NGC3145,NGC 3145,10.169408,-12.433778,12.0,gal
NGC3147,NGC 3147,10.281569,73.400750,11.94,gal
NGC3158,NGC 3158,10.230700,38.764889,11.88,gal
NGC3162,NGC 3162,10.225442,22.737556,11.72,gal
NGC3166,NGC 3166,10.229333,3.424722,10.62,gal
NGC3169,NGC 3169,10.237514,3.466083,10.89,gal
NGC3175,NGC 3175,10.245031,-28.872056,11.26,gal
NGC3184,NGC 3184,10.304683,41.424056,9.84,gal
NGC3189,NGC 3189,10.301564,21.832306,11.05,gal
NGC3193,NGC 3193,10.306917,21.893972,11.02,gal
NGC3195,NGC 3195,10.155828,-80.858583,11.6,pn
NGC3198,NGC 3198,10.331931,45.549611,10.38,gal
NGC3211,NGC 3211,10.297364,-62.670056,10.7,pn
NGC3223,NGC 3223,10.359744,-34.266806,10.96,gal
NGC3227,NGC 3227,10.391828,19.865056,11.72,gal
NGC3239,NGC 3239,10.418025,17.163583,11.4,gal
NGC3242,Jupiter's Ghost Nebula,10.412800,-18.642222,7.7,pn
NGC3245,NGC 3245,10.455108,28.507444,10.75,gal
NGC3247,NGC 3247,10.403889,-57.763333,7.6,neb
NGC3250,NGC 3250,10.442300,-39.943944,11.02,gal
NGC3254,NGC 3254,10.488872,29.491833,11.66,gal
NGC3256,NGC 3256,10.464242,-43.903750,11.58,gal
NGC3258,NGC 3258,10.481547,-35.605528,11.41,gal
NGC3261,NGC 3261,10.483739,-44.656833,11.41,gal
NGC3268,NGC 3268,10.500183,-35.325472,11.41,gal
NGC3271,NGC 3271,10.507358,-35.359500,11.73,gal
NGC3275,NGC 3275,10.514389,-36.736972,11.65,gal
NGC3277,NGC 3277,10.548736,28.511722,11.65,gal
NGC3281,NGC 3281,10.531136,-34.853694,11.95,gal
NGC3283,NGC 3283,10.519889,-46.251278,11.74,gal
NGC3285,NGC 3285,10.559956,-27.454444,11.98,gal
NGC3294,NGC 3294,10.604514,37.324694,11.68,gal
NGC3301,NGC 3301,10.615567,21.882139,11.41,gal
NGC3309,NGC 3309,10.609917,-27.518444,11.74,gal
NGC3310,NGC 3310,10.646072,53.503389,11.61,gal
NGC3311,NGC 3311,10.611894,-27.528333,11.32,gal
NGC3313,NGC 3313,10.623736,-25.319444,11.73,gal
NGC3318,NGC 3318,10.620975,-41.627556,11.5,gal
NGC3319,NGC 3319,10.652628,41.686667,11.37,gal
NGC3324,NGC 3324,10.621169,-58.619556,6.7,oc
NGC3338,NGC 3338,10.702094,13.747000,10.88,gal
NGC3344,NGC 3344,10.725319,24.922222,9.98,gal
NGC3347,NGC 3347,10.712931,-36.352667,11.51,gal
NGC3348,NGC 3348,10.786111,72.839667,10.92,gal
NGC3351,M095 / NGC 3351,10.732694,11.703806,9.77,gal
NGC3358,NGC 3358,10.725839,-36.410694,11.61,gal
NGC3359,NGC 3359,10.776906,63.224222,10.55,gal
NGC3366,NGC 3366,10.585633,-43.691806,11.71,gal
NGC3367,NGC 3367,10.776375,13.750861,11.73,gal
NGC3368,M096 / NGC 3368,10.779372,11.819944,9.21,gal
NGC3372,Carina Nebula,10.752369,-59.866694,3.0,neb
NGC3377,NGC 3377,10.795092,13.985917,10.27,gal
NGC3379,M105 / NGC 3379,10.797108,12.581611,9.27,gal
NGC3384,NGC 3384,10.804692,12.629278,9.96,gal
NGC3402,NGC 3402,10.840686,-12.844611,11.89,gal
NGC3412,NGC 3412,10.848133,13.412139,10.53,gal
NGC3414,NGC 3414,10.854503,27.975111,11.09,gal
NGC3423,NGC 3423,10.853981,5.840028,11.17,gal
NGC3430,NGC 3430,10.869833,32.950444,11.81,gal
NGC3432,NGC 3432,10.875314,36.618778,11.27,gal
NGC3448,NGC 3448,10.910889,54.304861,11.98,gal
NGC3450,NGC 3450,10.801006,-20.849194,11.83,gal
NGC3486,NGC 3486,11.006631,28.975139,10.57,gal
NGC3489,NGC 3489,11.005158,13.901222,10.23,gal
NGC3511,NGC 3511,11.056603,-23.086778,11.02,gal
NGC3513,NGC 3513,11.062800,-23.245500,11.66,gal
NGC3521,NGC 3521,11.096828,-0.035861,9.11,gal
NGC3556,M108 / NGC 3556,11.191936,55.674111,10.05,gal
NGC3557,NGC 3557,11.166011,-37.539167,10.42,gal
NGC3585,NGC 3585,11.221414,-26.754833,9.69,gal
NGC3587,Owl Nebula,11.246586,55.019028,9.9,pn
NGC3593,NGC 3593,11.243611,12.817667,10.91,gal
NGC3596,NGC 3596,11.251725,14.787028,11.49,gal
NGC3607,NGC 3607,11.281844,18.051750,10.0,gal
NGC3608,NGC 3608,11.283042,18.148694,10.63,gal
NGC3610,NGC 3610,11.307019,58.786278,10.77,gal
NGC3613,NGC 3613,11.310031,58.000000,10.81,gal
NGC3621,NGC 3621,11.304586,-32.814056,9.55,gal
NGC3623,M065 / NGC 3623,11.315533,13.092361,9.32,gal
NGC3626,NGC 3626,11.334392,18.356833,10.98,gal
NGC3627,M066 / NGC 3627,11.337489,12.991528,8.92,gal
NGC3628,NGC 3628,11.338047,13.589694,9.45,gal
NGC3631,NGC 3631,11.350797,53.169556,10.42,gal
NGC3640,NGC 3640,11.351903,3.234833,10.41,gal
NGC3646,NGC 3646,11.361967,20.169556,11.2,gal
NGC3655,NGC 3655,11.381839,16.590028,11.67,gal
NGC3665,NGC 3665,11.412131,38.762861,10.83,gal
NGC3672,NGC 3672,11.417353,-9.795389,11.34,gal
NGC3673,NGC 3673,11.420236,-26.736722,11.57,gal
NGC3675,NGC 3675,11.435717,43.585917,10.09,gal
NGC3681,NGC 3681,11.441611,16.863194,11.92,gal
NGC3684,NGC 3684,11.453111,17.030167,11.81,gal
NGC3686,NGC 3686,11.462214,17.224194,11.43,gal
NGC3690B,NGC 3690,11.476008,58.562944,11.68,gal
NGC3699,NGC 3699,11.465875,-59.958056,11.3,pn
NGC3705,NGC 3705,11.502072,9.276639,10.97,gal
NGC3706,NGC 3706,11.495675,-36.391306,11.3,gal
NGC3717,NGC 3717,11.525553,-30.307750,11.23,gal
NGC3718,NGC 3718,11.543014,53.067917,10.7,gal
NGC3726,NGC 3726,11.555867,47.029194,10.49,gal
NGC3729,NGC 3729,11.563700,53.125556,11.56,gal
NGC3738,NGC 3738,11.596886,54.523889,11.45,gal
NGC3756,NGC 3756,11.613339,54.293556,11.52,gal
NGC3810,NGC 3810,11.682989,11.471139,10.75,gal
NGC3813,NGC 3813,11.688517,36.546806,11.7,gal
NGC3818,NGC 3818,11.699267,-6.155667,11.75,gal
NGC3842,NGC 3842,11.733931,19.949806,11.84,gal
NGC3872,NGC 3872,11.763628,13.766694,11.71,gal
NGC3877,NGC 3877,11.768806,47.494333,11.0,gal
NGC3882,NGC 3882,11.768486,-56.388139,11.81,gal
NGC3885,NGC 3885,11.779581,-27.922167,11.87,gal
NGC3887,NGC 3887,11.784603,-16.854611,10.93,gal
NGC3892,NGC 3892,11.800275,-10.962056,11.24,gal
NGC3893,NGC 3893,11.810608,48.710833,10.63,gal
NGC3894,NGC 3894,11.813989,59.415667,11.62,gal
NGC3898,NGC 3898,11.820936,56.084361,10.72,gal
NGC3900,NGC 3900,11.819294,27.022028,11.44,gal
NGC3904,NGC 3904,11.820339,-29.276750,10.79,gal
NGC3917,NGC 3917,11.845953,51.824667,11.81,gal
NGC3918,Blue Planetary,11.838319,-57.182333,8.1,pn
NGC3923,NGC 3923,11.850469,-28.806028,9.6,gal
NGC3938,NGC 3938,11.880403,44.120722,10.36,gal
NGC3941,NGC 3941,11.882044,36.986333,10.37,gal
NGC3945,NGC 3945,11.887147,60.675556,10.75,gal
NGC3949,NGC 3949,11.894922,47.858694,10.89,gal
NGC3953,NGC 3953,11.896922,52.326778,10.1,gal
NGC3955,NGC 3955,11.899208,-23.164167,11.84,gal
NGC3962,NGC 3962,11.911139,-13.975028,10.65,gal
NGC3981,NGC 3981,11.935403,-19.896167,11.65,gal
NGC3982,NGC 3982,11.941147,55.125250,11.7,gal
NGC3992,M109 / NGC 3992,11.959994,53.374528,9.88,gal
NGC3998,NGC 3998,11.965592,55.453583,11.33,gal
NGC4013,NGC 4013,11.975383,43.946583,11.31,gal
NGC4024,NGC 4024,11.975347,-18.346833,11.8,gal
NGC4026,NGC 4026,11.990331,50.961694,10.78,gal
NGC4027,NGC 4027,11.991714,-19.265222,11.17,gal
NGC4030,NGC 4030,12.006564,-1.100083,10.51,gal
NGC4033,NGC 4033,12.009650,-17.842611,11.79,gal
NGC4036,NGC 4036,12.024097,61.895778,10.84,gal
NGC4038,Antennae Galaxies,12.031392,-18.867611,10.2,gal
NGC4039,Antennae Galaxies,12.031531,-18.886194,11.04,gal
NGC4041,NGC 4041,12.036722,62.137222,11.08,gal
NGC4045,NGC 4045,12.045067,1.976806,11.81,gal
NGC4050,NGC 4050,12.048319,-16.373611,11.79,gal
NGC4051,NGC 4051,12.052669,44.531333,11.37,gal
NGC4062,NGC 4062,12.067731,31.895806,11.15,gal
NGC4064,NGC 4064,12.069767,18.443417,11.33,gal
NGC4073,NGC 4073,12.074186,1.895972,11.51,gal
NGC4088,NGC 4088,12.092831,50.539028,10.6,gal
NGC4096,NGC 4096,12.100314,47.478444,10.57,gal
NGC4100,NGC 4100,12.102347,49.582694,11.09,gal
NGC4102,NGC 4102,12.106386,52.711083,11.87,gal
NGC4105,NGC 4105,12.111325,-29.760222,10.62,gal
NGC4106,NGC 4106,12.112444,-29.768306,11.3,gal
NGC4111,NGC 4111,12.117536,43.065722,10.81,gal
NGC4119,NGC 4119,12.136006,10.378889,11.5,gal
NGC4123,NGC 4123,12.136419,2.878278,11.39,gal
NGC4125,NGC 4125,12.135006,65.174139,9.71,gal
NGC4128,NGC 4128,12.142314,68.767611,11.96,gal
NGC4136,NGC 4136,12.154914,29.927611,11.9,gal
NGC4138,NGC 4138,12.158272,43.685306,11.8,gal
NGC4144,NGC 4144,12.166278,46.457167,11.61,gal
NGC4145,NGC 4145,12.167089,39.883861,11.22,gal
NGC4150,NGC 4150,12.176014,30.401528,11.69,gal
NGC4151,NGC 4151,12.175717,39.405722,11.48,gal
NGC4157,NGC 4157,12.184547,50.484667,11.29,gal
NGC4162,NGC 4162,12.197908,24.123667,11.7,gal
NGC4168,NGC 4168,12.204797,13.205194,11.45,gal
NGC4178,NGC 4178,12.212903,10.865972,11.43,gal
NGC4179,NGC 4179,12.214475,1.299694,10.93,gal
NGC4189,NGC 4189,12.229797,13.424806,11.84,gal
NGC4192,M098 / NGC 4192,12.230081,14.900333,10.84,gal
NGC4203,NGC 4203,12.251406,33.197333,11.55,gal
NGC4208,NGC 4208,12.260933,13.901500,11.1,gal
NGC4214,NGC 4214,12.260881,36.326889,9.77,gal
NGC4215,NGC 4215,12.265150,6.401139,11.96,gal
NGC4216,NGC 4216,12.265122,13.149389,9.93,gal
NGC4217,NGC 4217,12.264139,47.091778,11.23,gal
NGC4219,NGC 4219,12.274256,-43.324250,11.83,gal
NGC4220,NGC 4220,12.269919,47.883250,11.33,gal
NGC4223,NGC 4223,12.290503,6.690083,11.95,gal
NGC4224,NGC 4224,12.276053,7.462083,11.77,gal
NGC4233,NGC 4233,12.285467,7.624389,11.94,gal
NGC4235,NGC 4235,12.286078,7.191583,11.97,gal
NGC4236,NGC 4236,12.278367,69.462583,9.77,gal
NGC4237,NGC 4237,12.286506,15.323972,11.83,gal
NGC4242,NGC 4242,12.291717,45.619306,11.03,gal
NGC4244,NGC 4244,12.291572,37.807111,10.18,gal
NGC4245,NGC 4245,12.293547,29.608000,11.42,gal
NGC4251,NGC 4251,12.302292,28.175389,10.77,gal
NGC4254,Coma Pinwheel,12.313778,14.416500,9.84,gal
NGC4258,M106 / NGC 4258,12.315972,47.303972,9.29,gal
NGC4260,NGC 4260,12.322844,6.098667,11.55,gal
NGC4261,NGC 4261,12.323117,5.825222,11.11,gal
NGC4262,NGC 4262,12.325158,14.877667,11.46,gal
NGC4267,NGC 4267,12.329233,12.798278,10.89,gal
NGC4273,NGC 4273,12.332244,5.343333,11.8,gal
NGC4274,NGC 4274,12.330719,29.614472,10.42,gal
NGC4278,NGC 4278,12.335228,29.280750,10.21,gal
NGC4281,NGC 4281,12.339311,5.386389,11.31,gal
NGC4291,NGC 4291,12.338389,75.370833,11.42,gal
NGC4293,NGC 4293,12.353581,18.382389,10.17,gal
NGC4298,NGC 4298,12.359100,14.606167,11.35,gal
NGC4302,NGC 4302,12.361800,14.598306,11.54,gal
NGC4303,M061 / NGC 4303,12.365250,4.473639,10.25,gal
NGC4304,NGC 4304,12.370200,-33.484500,11.77,gal
NGC4312,NGC 4312,12.375378,15.537917,11.7,gal
NGC4314,NGC 4314,12.375506,29.895889,10.57,gal
NGC4321,M100 / NGC 4321,12.381897,15.821806,9.47,gal
NGC4324,NGC 4324,12.385050,5.250333,11.5,gal
NGC4339,NGC 4339,12.393042,6.081750,11.41,gal
NGC4340,NGC 4340,12.393136,16.722361,11.15,gal
NGC4350,NGC 4350,12.399408,16.693417,10.87,gal
NGC4361,NGC 4361,12.408544,-18.784833,10.9,pn
NGC4365,NGC 4365,12.407856,7.317667,9.43,gal
NGC4369,NGC 4369,12.410056,39.383000,11.69,gal
NGC4371,NGC 4371,12.415397,11.704222,10.83,gal
NGC4373,NGC 4373,12.421617,-39.759722,10.92,gal
NGC4374,M084 / NGC 4374,12.417706,12.886972,9.79,gal
NGC4377,NGC 4377,12.420094,14.762167,11.8,gal
NGC4378,NGC 4378,12.421694,4.925139,11.29,gal
NGC4379,NGC 4379,12.420761,15.607472,11.63,gal
NGC4380,NGC 4380,12.422825,10.016806,11.29,gal
NGC4382,M085 / NGC 4382,12.423364,18.191500,9.05,gal
NGC4386,NGC 4386,12.407875,75.528917,11.69,gal
NGC4388,NGC 4388,12.429653,12.662083,11.02,gal
NGC4394,NGC 4394,12.432092,18.214056,11.03,gal
NGC4395,NGC 4395,12.430239,33.546917,10.29,gal
NGC4402,NGC 4402,12.435458,13.113333,11.78,gal
NGC4406,M086 / NGC 4406,12.436594,12.946222,8.86,gal
NGC4414,NGC 4414,12.440861,31.223528,10.2,gal
NGC4416,NGC 4416,12.446311,7.919000,11.57,gal
NGC4417,NGC 4417,12.447392,9.584250,11.22,gal
NGC4419,NGC 4419,12.449011,15.047389,11.06,gal
NGC4421,NGC 4421,12.450706,15.461472,11.42,gal
NGC4424,NGC 4424,12.453225,9.420667,11.68,gal
NGC4425,NGC 4425,12.453703,12.734722,11.95,gal
NGC4429,NGC 4429,12.457364,11.107722,10.08,gal
NGC4435,Eyes,12.461247,13.078944,10.96,gal
NGC4438,Eyes,12.462664,13.008833,10.92,gal
NGC4440,NGC 4440,12.464881,12.293278,11.81,gal
NGC4442,NGC 4442,12.467744,9.803722,10.6,gal
NGC4448,NGC 4448,12.470953,28.620306,11.11,gal
NGC4449,NGC 4449,12.469750,44.093639,9.64,gal
NGC4450,NGC 4450,12.474897,17.084944,10.87,gal
NGC4452,NGC 4452,12.478697,11.755028,11.9,gal
NGC4454,NGC 4454,12.480764,-1.939194,11.93,gal
NGC4457,NGC 4457,12.483058,3.570583,10.57,gal
NGC4459,NGC 4459,12.483336,13.978361,10.25,gal
NGC4461,NGC 4461,12.484169,13.183750,11.02,gal
NGC4462,NGC 4462,12.489228,-23.166361,11.85,gal
NGC4469,NGC 4469,12.491119,8.749917,11.04,gal
NGC4472,M049 / NGC 4472,12.496322,8.000472,8.28,gal
NGC4473,NGC 4473,12.496908,13.429361,10.09,gal
NGC4474,NGC 4474,12.498208,14.068583,11.56,gal
NGC4477,NGC 4477,12.500611,13.636611,10.31,gal
NGC4478,NGC 4478,12.504839,12.328556,11.44,gal
NGC4486,Virgo Galaxy,12.513728,12.391111,9.0,gal
NGC4487,NGC 4487,12.517906,-8.053917,11.45,gal
NGC4490,NGC 4490,12.510067,41.643889,9.72,gal
NGC4492,NGC 4492,12.516586,8.077861,11.99,gal
NGC4494,NGC 4494,12.523361,25.775250,9.8,gal
NGC4496A,NGC 4496,12.527558,3.939472,11.59,gal
NGC4501,M088 / NGC 4501,12.533100,14.420389,10.33,gal
NGC4503,NGC 4503,12.535064,11.176417,10.97,gal
NGC4504,NGC 4504,12.538181,-7.563444,11.61,gal
NGC4517,NGC 4517,12.545997,0.115028,10.48,gal
NGC4519,NGC 4519,12.558403,8.654750,12.0,gal
NGC4526,NGC 4526,12.567525,7.699528,9.59,gal
NGC4527,NGC 4527,12.569006,2.653667,10.5,gal
NGC4528,NGC 4528,12.568353,11.321250,11.97,gal
NGC4532,NGC 4532,12.572036,6.467694,11.92,gal
NGC4535,NGC 4535,12.572308,8.197750,9.89,gal
NGC4536,NGC 4536,12.574181,2.188139,10.48,gal
NGC4546,NGC 4546,12.591531,-3.793194,10.57,gal
NGC4548,M091 / NGC 4548,12.590681,14.496333,10.96,gal
NGC4551,NGC 4551,12.593875,12.263972,11.98,gal
NGC4552,M089 / NGC 4552,12.594392,12.556333,10.08,gal
NGC4559,NGC 4559,12.599347,27.960000,9.92,gal
NGC4564,NGC 4564,12.607494,11.439278,11.26,gal
NGC4565,Needle Galaxy,12.605772,25.987667,10.86,gal
NGC4567,Butterfly Galaxies,12.609086,11.258000,11.32,gal
NGC4568,Butterfly Galaxies,12.609517,11.238889,10.8,gal
NGC4569,M090 / NGC 4569,12.613831,13.162944,9.54,gal
NGC4570,NGC 4570,12.614833,7.246639,11.11,gal
NGC4571,NGC 4571,12.615661,14.217361,11.29,gal
NGC4578,NGC 4578,12.625156,9.555083,11.4,gal
NGC4579,M058 / NGC 4579,12.628756,11.818194,10.3,gal
NGC4586,NGC 4586,12.641222,4.319083,11.58,gal
NGC4589,NGC 4589,12.623608,74.191917,10.74,gal
NGC4592,NGC 4592,12.655206,-0.532000,11.88,gal
NGC4593,NGC 4593,12.660953,-5.344250,11.43,gal
NGC4594,Sombrero Galaxy,12.666508,-11.623056,8.59,gal
NGC4596,NGC 4596,12.665542,10.176139,10.46,gal
NGC4602,NGC 4602,12.676903,-5.133000,11.75,gal
NGC4603,NGC 4603,12.682003,-40.976389,11.67,gal
NGC4605,NGC 4605,12.666494,61.609194,10.26,gal
NGC4606,NGC 4606,12.682650,11.912222,11.9,gal
NGC4608,NGC 4608,12.687025,10.155667,11.08,gal
NGC4618,NGC 4618,12.692458,41.150778,10.78,gal
NGC4621,M059 / NGC 4621,12.700622,11.647028,9.56,gal
NGC4631,Whale Galaxy,12.702225,32.541500,9.24,gal
NGC4632,NGC 4632,12.708897,-0.082611,11.86,gal
NGC4636,NGC 4636,12.713842,2.687778,9.99,gal
NGC4638,NGC 4638,12.713172,11.442500,11.12,gal
NGC4639,NGC 4639,12.714553,13.257389,11.6,gal
NGC4643,NGC 4643,12.722261,1.978278,10.65,gal
NGC4645,NGC 4645,12.736108,-41.749944,11.83,gal
NGC4647,NGC 4647,12.725642,11.581861,11.6,gal
NGC4649,M060 / NGC 4649,12.727772,11.552694,8.79,gal
NGC4650,NGC 4650,12.738775,-40.731806,11.8,gal
NGC4651,Umbrella Galaxy,12.728508,16.393389,10.82,gal
NGC4654,NGC 4654,12.732383,13.126667,10.49,gal
NGC4656 NED01,NGC 4656,12.732686,32.170250,10.47,gal
NGC4660,NGC 4660,12.742217,11.190528,11.27,gal
NGC4664,NGC 4664,12.751664,3.055778,10.5,gal
NGC4666,NGC 4666,12.752386,-0.461889,10.75,gal
NGC4684,NGC 4684,12.788200,-2.727417,11.55,gal
NGC4689,NGC 4689,12.795989,13.762806,10.93,gal
NGC4691,NGC 4691,12.803786,-3.332722,10.99,gal
NGC4696,NGC 4696,12.813681,-41.310833,10.3,gal
NGC4697,NGC 4697,12.809967,-5.800750,9.37,gal
NGC4698,NGC 4698,12.806364,8.487389,10.65,gal
NGC4699,NGC 4699,12.817286,-8.664861,9.53,gal
NGC4709,NGC 4709,12.834411,-41.381972,11.1,gal
NGC4710,NGC 4710,12.827453,15.165444,10.71,gal
NGC4713,NGC 4713,12.832742,5.311417,11.73,gal
NGC4725,NGC 4725,12.840717,25.500806,9.38,gal
NGC4731,NGC 4731,12.850303,-6.393056,11.42,gal
NGC4733,NGC 4733,12.851883,10.912083,11.76,gal
NGC4736,M094 / NGC 4736,12.848072,41.120444,8.24,gal
NGC4742,NGC 4742,12.863344,-10.454722,11.2,gal
NGC4753,NGC 4753,12.872808,-1.199694,9.66,gal
NGC4754,NGC 4754,12.871528,11.313889,10.48,gal
NGC4760,NGC 4760,12.885342,-10.494194,11.58,gal
NGC4762,NGC 4762,12.882236,11.230806,10.17,gal
NGC4767,NGC 4767,12.898042,-39.714306,11.51,gal
NGC4772,NGC 4772,12.891433,2.168389,11.34,gal
NGC4775,NGC 4775,12.896028,-6.622167,11.56,gal
NGC4781,NGC 4781,12.906597,-10.537194,11.39,gal
NGC4786,NGC 4786,12.909006,-6.859417,11.71,gal
NGC4793,NGC 4793,12.911283,28.938667,11.64,gal
NGC4802,NGC 4802,12.930456,-12.055306,11.34,gal
NGC4808,NGC 4808,12.930264,4.304111,11.79,gal
NGC4818,NGC 4818,12.946917,-8.525306,11.34,gal
NGC4825,NGC 4825,12.953400,-13.664833,11.56,gal
NGC4826,Black Eye Galaxy,12.945456,21.682972,8.52,gal
NGC4835,NGC 4835,12.968844,-46.264222,11.81,gal
NGC4845,NGC 4845,12.966997,1.575833,10.97,gal
NGC4856,NGC 4856,12.989242,-15.042167,10.62,gal
NGC4866,NGC 4866,12.990872,14.171056,11.08,gal
NGC4874,NGC 4874,12.993253,27.959278,11.83,gal
NGC4889,NGC 4889,13.002258,27.977000,11.45,gal
NGC4900,NGC 4900,13.010864,2.501444,11.36,gal
NGC4902,NGC 4902,13.016592,-14.513639,11.26,gal
NGC4904,NGC 4904,13.016294,-0.027611,11.96,gal
NGC4914,NGC 4914,13.011931,37.315278,11.6,gal
NGC4915,NGC 4915,13.024506,-4.546528,12.0,gal
NGC4930,NGC 4930,13.068131,-41.411583,11.43,gal
NGC4933B,NGC 4933,13.065761,-11.498056,11.74,gal
NGC4936,NGC 4936,13.071358,-30.526250,10.71,gal
NGC4939,NGC 4939,13.070664,-10.339611,11.91,gal
NGC4941,NGC 4941,13.070317,-5.551611,11.27,gal
NGC4945,NGC 4945,13.090967,-49.468222,11.86,gal
NGC4951,NGC 4951,13.085472,-6.493833,11.84,gal
NGC4958,NGC 4958,13.096911,-8.020278,10.59,gal
NGC4976,NGC 4976,13.143758,-49.506417,10.08,gal
NGC4981,NGC 4981,13.146872,-6.777528,11.41,gal
NGC4984,NGC 4984,13.149231,-15.516306,11.01,gal
NGC4995,NGC 4995,13.161292,-7.833417,11.11,gal
NGC5005,NGC 5005,13.182286,37.059194,10.71,gal
NGC5011,NGC 5011,13.214406,-43.096222,11.38,gal
NGC5018,NGC 5018,13.216953,-19.518194,10.85,gal
NGC5026,NGC 5026,13.237122,-42.961278,11.81,gal
NGC5033,NGC 5033,13.224297,36.593944,10.68,gal
NGC5042,NGC 5042,13.258617,-23.984056,11.78,gal
NGC5044,NGC 5044,13.256658,-16.385528,10.78,gal
NGC5054,NGC 5054,13.282914,-16.634861,10.79,gal
NGC5055,Sunflower Galaxy,13.263703,42.029278,8.61,gal
NGC5061,NGC 5061,13.301408,-26.837222,10.31,gal
NGC5068,NGC 5068,13.315225,-21.039111,10.06,gal
NGC5077,NGC 5077,13.325464,-12.656972,11.65,gal
NGC5078,NGC 5078,13.330550,-27.410389,10.64,gal
NGC5084,NGC 5084,13.338033,-21.827583,10.49,gal
NGC5087,NGC 5087,13.340267,-20.611000,11.13,gal
NGC5090,NGC 5090,13.353561,-43.704556,11.28,gal
NGC5101,NGC 5101,13.362844,-27.430528,10.46,gal
NGC5102,NGC 5102,13.366003,-36.630250,9.88,gal
NGC5105,NGC 5105,13.363636,-13.206778,11.81,gal
NGC5121,NGC 5121,13.412669,-37.682194,11.62,gal
NGC5128,Centaurus A,13.424339,-43.019111,7.22,gal
NGC5134,NGC 5134,13.421819,-21.134167,11.77,gal
NGC5153,NGC 5153,13.465092,-29.618028,11.92,gal
NGC5156,NGC 5156,13.478914,-48.916806,11.86,gal
NGC5161,NGC 5161,13.487197,-33.173833,11.52,gal
NGC5170,NGC 5170,13.496886,-17.966417,11.23,gal
NGC5172,NGC 5172,13.488697,17.051917,11.96,gal
NGC5189,NGC 5189,13.559142,-65.974056,10.3,pn
NGC5193,NGC 5193,13.531536,-33.234222,11.73,gal
NGC5194,Whirlpool Galaxy,13.497975,47.195167,8.36,gal
NGC5195,NGC 5195,13.499886,47.266139,9.58,gal
NGC5198,NGC 5198,13.503167,46.670778,11.78,gal
NGC5204,NGC 5204,13.493475,58.418722,11.32,gal
NGC5206,NGC 5206,13.562217,-48.151167,10.49,gal
NGC5236,Southern Pinwheel Galaxy,13.616931,-29.865417,7.21,gal
NGC5247,NGC 5247,13.634178,-17.884028,10.41,gal
NGC5248,NGC 5248,13.625561,8.885167,9.97,gal
NGC5253,NGC 5253,13.665544,-31.640111,10.28,gal
NGC5264,NGC 5264,13.693522,-29.913083,11.98,gal
NGC5266,NGC 5266,13.717253,-48.169417,10.77,gal
NGC5292,NGC 5292,13.794464,-30.939528,11.92,gal
NGC5297,NGC 5297,13.773242,43.872333,11.76,gal
NGC5307,NGC 5307,13.850917,-51.205778,11.2,pn
NGC5308,NGC 5308,13.783453,60.973167,11.32,gal
NGC5315,NGC 5315,13.899136,-66.514167,9.8,pn
NGC5322,NGC 5322,13.820908,60.190528,10.14,gal
NGC5326,NGC 5326,13.847417,39.574861,11.87,gal
NGC5328,NGC 5328,13.881475,-28.489389,11.71,gal
NGC5333,NGC 5333,13.906728,-48.512528,11.89,gal
NGC5334,NGC 5334,13.881794,-1.114639,11.73,gal
NGC5350,NGC 5350,13.889342,40.363944,11.47,gal
NGC5353,NGC 5353,13.890747,40.283028,11.02,gal
NGC5354,NGC 5354,13.890750,40.302750,11.38,gal
NGC5363,NGC 5363,13.935336,5.254778,10.21,gal
NGC5364,NGC 5364,13.936667,5.014472,10.52,gal
NGC5365,NGC 5365,13.964067,-43.931306,11.32,gal
NGC5371,NGC 5371,13.927761,40.461750,11.69,gal
NGC5377,NGC 5377,13.937964,47.235694,11.27,gal
NGC5383,NGC 5383,13.951381,41.846250,11.57,gal
NGC5389,NGC 5389,13.935092,59.742056,11.98,gal
NGC5395,NGC 5395,13.977217,37.424472,11.66,gal
NGC5408,NGC 5408,14.055808,-41.377694,11.64,gal
NGC5419,NGC 5419,14.060758,-33.978250,10.77,gal
NGC5422,NGC 5422,14.011678,55.164472,11.8,gal
NGC5444,NGC 5444,14.056703,35.132111,11.86,gal
NGC5448,NGC 5448,14.047231,49.172694,11.88,gal
NGC5457,M101 / NGC 5457,14.053483,54.348944,7.9,gal
NGC5473,NGC 5473,14.078675,54.892639,11.47,gal
NGC5474,NGC 5474,14.083781,53.662222,11.01,gal
NGC5483,NGC 5483,14.173619,-43.324611,11.13,gal
NGC5485,NGC 5485,14.119819,55.001694,11.5,gal
NGC5493,NGC 5493,14.191494,-5.043611,11.42,gal
NGC5516,NGC 5516,14.265192,-48.114861,11.99,gal
NGC5529,NGC 5529,14.259464,36.226583,11.91,gal
NGC5530,NGC 5530,14.307542,-43.388583,11.19,gal
NGC5532,NGC 5532,14.281375,10.807389,11.94,gal
NGC5533,NGC 5533,14.268817,35.343833,11.81,gal
NGC5556,NGC 5556,14.342803,-29.241778,11.82,gal
NGC5557,NGC 5557,14.307144,36.493556,11.02,gal
NGC5566,NGC 5566,14.338858,3.933750,10.51,gal
NGC5576,NGC 5576,14.351022,3.271000,10.9,gal
NGC5582,NGC 5582,14.345311,39.693583,11.62,gal
NGC5585,NGC 5585,14.330056,56.729056,11.02,gal
NGC5614,NGC 5614,14.402108,34.858861,11.71,gal
NGC5631,NGC 5631,14.442583,56.582639,11.56,gal
NGC5638,NGC 5638,14.494550,3.233306,11.21,gal
NGC5643,NGC 5643,14.544650,-44.174417,11.49,gal
NGC5660,NGC 5660,14.497169,49.622667,11.91,gal
NGC5668,NGC 5668,14.556761,4.450444,11.71,gal
NGC5670,NGC 5670,14.593342,-45.966972,11.96,gal
NGC5676,NGC 5676,14.546347,49.457889,11.22,gal
NGC5678,NGC 5678,14.534892,57.921444,11.43,gal
NGC5687,NGC 5687,14.581222,54.475861,11.74,gal
NGC5688,NGC 5688,14.659764,-45.019000,11.81,gal
NGC5689,NGC 5689,14.591581,48.741639,11.8,gal
NGC5701,NGC 5701,14.653078,5.363472,11.2,gal
NGC5713,NGC 5713,14.669864,-0.288972,11.32,gal
NGC5728,NGC 5728,14.706639,-17.253083,11.51,gal
NGC5740,NGC 5740,14.740125,1.679778,11.9,gal
NGC5746,NGC 5746,14.748867,1.955000,10.55,gal
NGC5750,NGC 5750,14.769756,-0.222944,11.69,gal
NGC5775,NGC 5775,14.899333,3.544444,11.43,gal
NGC5786,NGC 5786,14.982294,-42.013361,11.89,gal
NGC5791,NGC 5791,14.979506,-19.266861,11.85,gal
NGC5792,NGC 5792,14.972975,-1.091083,11.26,gal
NGC5796,NGC 5796,14.990031,-16.623861,11.58,gal
NGC5806,NGC 5806,15.000111,1.891306,11.65,gal
NGC5812,NGC 5812,15.015472,-7.457361,11.23,gal
NGC5813,NGC 5813,15.019786,1.701972,10.53,gal
NGC5831,NGC 5831,15.068611,1.219917,11.46,gal
NGC5833,NGC 5833,15.198236,-72.859417,11.93,gal
NGC5838,NGC 5838,15.090628,2.099333,10.81,gal
NGC5845,NGC 5845,15.100225,1.633806,11.4,gal
NGC5846,NGC 5846,15.108133,1.605611,10.18,gal
NGC5850,NGC 5850,15.118803,1.544250,11.0,gal
NGC5854,NGC 5854,15.129917,2.568639,11.8,gal
NGC5861,NGC 5861,15.154469,-11.321667,11.69,gal
NGC5866,NGC 5866,15.108194,55.763222,9.89,gal
NGC5873,NGC 5873,15.214111,-38.125556,11.0,pn
NGC5878,NGC 5878,15.229364,-14.269833,11.67,gal
NGC5879,NGC 5879,15.162981,57.000194,11.47,gal
NGC5882,NGC 5882,15.280556,-45.649306,10.18,pn
NGC5885,NGC 5885,15.251156,-10.086000,11.7,gal
NGC5898,NGC 5898,15.303767,-24.097944,11.38,gal
NGC5903,NGC 5903,15.310147,-24.068583,11.27,gal
NGC5907,NGC 5907,15.264936,56.328778,10.37,gal
NGC5908,NGC 5908,15.278672,55.409250,11.89,gal
NGC5921,NGC 5921,15.365711,5.070528,11.02,gal
NGC5938,NGC 5938,15.607297,-66.859750,11.49,gal
NGC5962,NGC 5962,15.608800,16.607778,11.5,gal
NGC5964,NGC 5964,15.626728,5.974028,11.82,gal
NGC5965,NGC 5965,15.567350,56.685611,11.78,gal
NGC5970,NGC 5970,15.641658,12.186611,11.61,gal
NGC5979,NGC 5979,15.794739,-61.217861,11.5,pn
NGC5982,NGC 5982,15.644397,59.355833,11.07,gal
NGC5985,NGC 5985,15.660303,59.331944,11.81,gal
NGC5987,NGC 5987,15.665936,58.079528,11.72,gal
NGC6012,NGC 6012,15.903872,14.601250,11.96,gal
NGC6015,NGC 6015,15.857008,62.310028,11.17,gal
NGC6070,NGC 6070,16.166303,0.709306,11.75,gal
NGC6072,NGC 6072,16.216167,-36.230000,11.7,pn
NGC6118,NGC 6118,16.363506,-2.283444,11.71,gal
NGC6125,NGC 6125,16.319875,57.984222,12.0,gal
NGC6140,NGC 6140,16.349489,65.390556,11.66,gal
NGC6153,NGC 6153,16.525178,-40.253444,10.9,pn
NGC6156,NGC 6156,16.581264,-60.618806,11.98,gal
NGC6164,NGC 6164,16.561622,-48.080056,6.71,neb
NGC6165,NGC 6165,16.567625,-48.150500,6.71,neb
NGC6166,NGC 6166,16.477356,39.551556,11.91,gal
NGC6181,NGC 6181,16.539156,19.826556,11.82,gal
NGC6207,NGC 6207,16.717708,36.832417,11.64,gal
NGC6210,NGC 6210,16.741533,23.799833,9.65,pn
NGC6215,NGC 6215,16.851892,-58.993472,11.16,gal
NGC6221,NGC 6221,16.879467,-59.218611,10.54,gal
NGC6250,NGC 6250,16.965575,-45.936639,5.9,oc
NGC6300,NGC 6300,17.283186,-62.820556,10.27,gal
NGC6302,Bug Nebula,17.229064,-37.103139,9.6,pn
NGC6309,Box Nebula,17.234528,-12.910556,11.5,pn
NGC6340,NGC 6340,17.173569,72.304444,11.11,gal
NGC6369,Little Ghost Nebula,17.489028,-23.759444,11.4,pn
NGC6384,NGC 6384,17.540083,7.060278,10.63,gal
NGC6411,NGC 6411,17.592458,60.813389,11.86,gal
NGC6412,NGC 6412,17.493753,75.704417,11.83,gal
NGC6438,NGC 6438,18.371522,-85.402056,11.61,gal
NGC6445,Little Gem,17.820850,-20.009500,11.2,pn
NGC6482,NGC 6482,17.863558,23.071944,11.33,gal
NGC6483,NGC 6483,17.991892,-63.668722,11.96,gal
NGC6487,NGC 6487,17.878292,29.838639,11.97,gal
NGC6492,NGC 6492,18.046764,-66.430639,11.94,gal
NGC6503,NGC 6503,17.824008,70.144361,10.12,gal
NGC6514,Trifid Nebula,18.045031,-22.971889,8.5,neb
NGC6523,Lagoon Nebula,18.061464,-24.380167,5.8,neb
NGC6530,NGC 6530,18.075286,-24.358056,4.6,oc
NGC6537,Red Spider Nebula,18.086972,-19.842972,11.6,pn
NGC6543,Cat's Eye Nebula,17.975942,66.633194,9.01,pn
NGC6548,NGC 6548,18.099789,18.587250,11.73,gal
NGC6563,NGC 6563,18.200694,-33.868333,11.0,pn
NGC6565,NGC 6565,18.197944,-28.178333,11.6,pn
NGC6567,NGC 6567,18.229222,-19.075833,11.0,pn
NGC6572,NGC 6572,18.201725,6.853722,8.1,pn
NGC6574,NGC 6574,18.197564,14.981778,11.96,gal
NGC6589,NGC 6589,18.282047,-19.777083,10.5,neb
NGC6590,NGC 6590,18.284719,-19.866056,9.8,neb
NGC6611,Eagle Nebula,18.313381,-13.807222,6.0,neb
NGC6618,Checkmark Nebula,18.346419,-16.171528,7.0,neb
NGC6629,NGC 6629,18.428461,-23.202889,11.3,pn
NGC6643,NGC 6643,18.329558,74.568361,11.11,gal
NGC6644,NGC 6644,18.542981,-25.129361,10.7,pn
NGC6654,NGC 6654,18.402103,73.183222,11.84,gal
NGC6658,NGC 6658,18.565458,22.888278,11.8,gal
NGC6673,NGC 6673,18.751756,-62.297222,11.72,gal
NGC6684,NGC 6684,18.816078,-65.173444,10.5,gal
NGC6703,NGC 6703,18.788564,45.550639,11.38,gal
NGC6720,Ring Nebula,18.893058,33.028583,8.8,pn
NGC6741,Phantom Streak Nebula,19.043611,-0.449389,11.5,pn
NGC6744,NGC 6744,19.162806,-63.857528,9.25,gal
NGC6751,NGC 6751,19.098764,-5.992306,11.9,pn
NGC6753,NGC 6753,19.189900,-57.049556,11.04,gal
NGC6758,NGC 6758,19.231206,-56.309944,11.39,gal
NGC6769,NGC 6769,19.306300,-60.501083,11.77,gal
NGC6770,NGC 6770,19.310367,-60.496472,11.86,gal
NGC6781,NGC 6781,19.307850,6.539722,11.4,pn
NGC6782,NGC 6782,19.399417,-59.922472,11.98,gal
NGC6790,NGC 6790,19.382472,1.513333,10.5,pn
NGC6803,NGC 6803,19.521236,10.056028,11.4,pn
NGC6804,NGC 6804,19.526497,9.225167,12.0,pn
NGC6807,NGC 6807,19.575972,5.684167,12.0,pn
NGC6810,NGC 6810,19.726181,-58.655583,11.42,gal
NGC6814,NGC 6814,19.711289,-10.323500,11.32,gal
NGC6818,Little Gem Nebula,19.732703,-14.153167,9.3,pn
NGC6822,Barnard's Galaxy,19.749372,-14.803444,10.05,gal
NGC6823,NGC 6823,19.719414,23.299944,7.1,oc
NGC6824,NGC 6824,19.727972,56.109472,11.76,gal
NGC6826,Blinking Planetary,19.746697,50.525028,9.44,pn
NGC6851,NGC 6851,20.059547,-48.284500,11.84,gal
NGC6853,Dumbbell Nebula,19.993439,22.721028,7.4,pn
NGC6857,NGC 6857,20.030036,33.525917,11.4,neb
NGC6861,NGC 6861,20.122078,-48.370222,11.04,gal
NGC6861D,NGC 6861,20.138744,-48.211417,11.94,gal
NGC6868,NGC 6868,20.165019,-48.379556,10.59,gal
NGC6870,NGC 6870,20.169683,-48.287083,11.94,gal
NGC6872,NGC 6872,20.282378,-70.767944,11.64,gal
NGC6876,NGC 6876,20.305319,-70.858806,10.83,gal
NGC6884,NGC 6884,20.173250,46.460833,10.9,pn
NGC6886,NGC 6886,20.211917,19.989722,11.4,pn
NGC6888,Crescent Nebula,20.201819,38.354944,7.44,neb
NGC6891,NGC 6891,20.252456,12.704361,10.5,pn
NGC6893,NGC 6893,20.347122,-48.239083,11.71,gal
NGC6902,NGC 6902,20.407817,-43.653528,11.48,gal
NGC6905,Blue Flash Nebula,20.373053,20.104528,11.1,pn
NGC6907,NGC 6907,20.418508,-24.809167,11.16,gal
NGC6909,NGC 6909,20.460803,-47.027028,11.99,gal
NGC6920,NGC 6920,20.732611,-80.000833,11.97,gal
NGC6925,NGC 6925,20.572381,-31.980889,11.35,gal
NGC6935,NGC 6935,20.638950,-52.110444,12.0,gal
NGC6942,NGC 6942,20.677181,-54.303056,11.97,gal
NGC6943,NGC 6943,20.742706,-68.747722,11.39,gal
NGC6946,Fireworks Galaxy,20.581200,60.153917,9.05,gal
NGC6958,NGC 6958,20.811831,-37.997417,11.4,gal
NGC6960,Veil Nebula,20.766161,30.595139,7.0,neb
NGC6962,NGC 6962,20.788628,0.320806,11.89,gal
NGC6992,Eastern Veil,20.938631,31.742750,7.0,neb
NGC6995,Eastern Veil,20.952989,31.235167,7.0,neb
NGC6997,NGC 6997,20.944292,44.631500,10.0,oc
NGC7000,North America Nebula,20.988094,44.528778,4.0,neb
NGC7007,NGC 7007,21.091089,-52.551972,11.95,gal
NGC7008,NGC 7008,21.009111,54.543194,10.7,pn
NGC7009,Saturn Nebula,21.069664,-11.363250,8.0,pn
NGC7013,NGC 7013,21.059328,29.897472,11.3,gal
NGC7020,NGC 7020,21.188914,-64.025333,11.74,gal
NGC7023,Iris Nebula,21.026561,68.169556,7.2,neb
NGC7026,NGC 7026,21.105133,47.852194,10.9,pn
NGC7027,NGC 7027,21.117092,42.236528,8.5,pn
NGC7029,NGC 7029,21.197792,-49.283722,11.67,gal
NGC7041,NGC 7041,21.275661,-48.363556,11.3,gal
NGC7049,NGC 7049,21.316750,-48.562167,10.55,gal
NGC7079,NGC 7079,21.543125,-44.067556,11.65,gal
NGC7083,NGC 7083,21.595747,-63.902833,11.24,gal
NGC7090,NGC 7090,21.608017,-54.557333,10.87,gal
NGC7095,NGC 7095,21.874011,-81.530833,11.92,gal
NGC7096,NGC 7096,21.688689,-63.908694,11.97,gal
NGC7097,NGC 7097,21.670253,-42.539389,11.7,gal
NGC7098,NGC 7098,21.737811,-75.111333,11.53,gal
NGC7129,NGC 7129,21.716397,66.112972,11.5,oc
NGC7140,NGC 7140,21.870919,-55.569667,11.68,gal
NGC7144,NGC 7144,21.878453,-48.253750,11.0,gal
NGC7145,NGC 7145,21.888956,-47.882444,11.12,gal
NGC7168,NGC 7168,22.035389,-51.743083,11.9,gal
NGC7173,NGC 7173,22.034219,-31.973694,11.98,gal
NGC7177,NGC 7177,22.011456,17.738056,11.13,gal
NGC7184,NGC 7184,22.044394,-20.812833,11.0,gal
NGC7192,NGC 7192,22.113933,-64.316250,11.28,gal
NGC7205,NGC 7205,22.142858,-57.442583,10.97,gal
NGC7213,NGC 7213,22.154531,-47.166611,11.15,gal
NGC7217,NGC 7217,22.131219,31.359333,10.47,gal
NGC7218,NGC 7218,22.169919,-16.661000,11.91,gal
NGC7232,NGC 7232,22.260556,-45.850083,11.89,gal
NGC7293,Helix Nebula,22.494047,-20.837333,7.3,pn
NGC7314,NGC 7314,22.596164,-26.050472,11.22,gal
NGC7329,NGC 7329,22.673394,-66.478972,11.7,gal
NGC7331,NGC 7331,22.617781,34.415528,9.41,gal
NGC7332,NGC 7332,22.623483,23.798333,11.05,gal
NGC7377,NGC 7377,22.796528,-22.312111,11.19,gal
NGC7380,NGC 7380,22.789169,58.132417,7.2,oc
NGC7392,NGC 7392,22.863539,-20.608083,11.84,gal
NGC7410,NGC 7410,22.916931,-39.661333,11.19,gal
NGC7412,NGC 7412,22.929375,-42.642028,11.33,gal
NGC7418,NGC 7418,22.943378,-37.030083,11.04,gal
NGC7421,NGC 7421,22.948425,-37.347250,11.99,gal
NGC7424,NGC 7424,22.955103,-41.070583,10.18,gal
NGC7448,NGC 7448,23.000997,15.980333,11.69,gal
NGC7454,NGC 7454,23.018475,16.388361,11.86,gal
NGC7456,NGC 7456,23.036228,-39.569389,11.88,gal
NGC7457,NGC 7457,23.016647,30.144944,10.98,gal
NGC7479,NGC 7479,23.082403,12.322889,11.09,gal
NGC7507,NGC 7507,23.202108,-28.539611,10.04,gal
NGC7513,NGC 7513,23.220564,-28.357500,11.8,gal
NGC7531,NGC 7531,23.246806,-43.599944,11.25,gal
NGC7541,NGC 7541,23.245525,4.534361,11.76,gal
NGC7552,NGC 7552,23.269656,-42.584750,11.45,gal
NGC7562,NGC 7562,23.265972,6.687528,11.55,gal
NGC7582,NGC 7582,23.306528,-42.370556,11.03,gal
NGC7585,NGC 7585,23.300372,-4.650306,11.52,gal
NGC7599,NGC 7599,23.322539,-42.256833,11.35,gal
NGC7600,NGC 7600,23.314961,-7.580444,11.95,gal
NGC7606,NGC 7606,23.317994,-8.485083,11.0,gal
NGC7619,NGC 7619,23.337369,8.206250,11.06,gal
NGC7626,NGC 7626,23.345153,8.216972,11.12,gal
NGC7635,Bubble Nebula,23.346000,61.212361,11.0,neb
NGC7640,NGC 7640,23.368494,40.845417,11.01,gal
NGC7662,Copeland's Blue Snowball,23.431639,42.534944,8.3,pn
NGC7689,NGC 7689,23.554647,-54.094472,10.84,gal
NGC7713,NGC 7713,23.604164,-37.938083,11.18,gal
NGC7721,NGC 7721,23.646847,-6.517861,11.68,gal
NGC7723,NGC 7723,23.649189,-12.961083,11.21,gal
NGC7727,NGC 7727,23.664922,-12.292778,10.64,gal
NGC7741,NGC 7741,23.731769,26.075611,11.27,gal
NGC7742,NGC 7742,23.737703,10.767083,11.58,gal
NGC7744,NGC 7744,23.749789,-42.910917,11.85,gal
NGC7755,NGC 7755,23.797711,-30.522028,11.68,gal
NGC7769,NGC 7769,23.851103,20.150417,11.79,gal
NGC7785,NGC 7785,23.921953,5.915833,11.6,gal
NGC7793,NGC 7793,23.963842,-32.591028,9.29,gal
NGC7796,NGC 7796,23.983269,-55.458306,11.47,gal
NGC7814,NGC 7814,0.054136,16.145417,10.6,gal
# Messier Globular Clusters
M002,M2 / NGC 7089,21.557500,-0.823333,6.5,gc
M003,M3 / NGC 5272,13.703056,28.375556,6.2,gc
M004,M4 / NGC 6121,16.393056,-26.525556,5.6,gc
M005,M5 / NGC 5904,15.309167,2.082778,5.6,gc
M009,M9 / NGC 6333,17.320000,-18.516111,7.7,gc
M010,M10 / NGC 6254,16.952500,-4.100278,6.4,gc
M012,M12 / NGC 6218,16.787222,-1.947778,6.7,gc
M013,M13 / NGC 6205,16.694722,36.460278,5.8,gc
M014,M14 / NGC 6402,17.626667,-3.245833,7.6,gc
M015,M15 / NGC 7078,21.499444,12.166944,6.2,gc
M019,M19 / NGC 6273,17.043889,-26.268056,6.8,gc
M022,M22 / NGC 6656,18.606667,-23.904722,5.1,gc
M028,M28 / NGC 6626,18.409167,-24.869722,6.8,gc
M030,M30 / NGC 7099,21.672778,-23.179167,7.2,gc
M053,M53 / NGC 5024,13.215278,18.168056,7.6,gc
M054,M54 / NGC 6715,18.917500,-30.479722,7.6,gc
M055,M55 / NGC 6809,19.666389,-30.962222,7.0,gc
M056,M56 / NGC 6779,19.276389,30.184444,8.3,gc
M062,M62 / NGC 6266,17.020278,-30.112222,6.5,gc
M068,M68 / NGC 4590,12.657778,-26.742778,7.8,gc
M069,M69 / NGC 6637,18.523056,-32.348056,7.6,gc
M070,M70 / NGC 6681,18.720278,-32.291944,7.9,gc
M071,M71 / NGC 6838,19.896111,18.778333,8.2,gc
M072,M72 / NGC 6981,20.891111,-12.537000,9.3,gc
M075,M75 / NGC 6864,20.101111,-21.921111,8.6,gc
M079,M79 / NGC 1904,5.403056,-24.524167,7.7,gc
M080,M80 / NGC 6093,16.284167,-22.975000,7.3,gc
M092,M92 / NGC 6341,17.285278,43.136667,6.4,gc
M107,M107 / NGC 6171,16.542222,-13.053611,7.8,gc
